{"cameraMode":{"drawMode":0,"name":"Shaded","section":"Shading Mode"},"sceneLighting":true,"audioPlay":false,"sceneViewState":{"showFog":true,"showMaterialUpdate":false,"showSkybox":true,"showFlares":true,"showImageEffects":true,"showParticleSystems":true},"in2DMode":false,"pivot":{"x":-50.336341857910159,"y":18.534343719482423,"z":53.24607849121094},"rotation":{"x":-0.0904117226600647,"y":0.845171332359314,"z":-0.15144750475883485,"w":-0.504554033279419},"size":116.55662536621094,"orthographic":false}